client_id,round,timestamp,mu_boundary_hits_min,final_train_loss,mu_range_min,mu_range_mean,mu_adaptations,final_mu,loss,final_learning_rate,mu_boundary_hits_max,mu_decreases,final_val_loss,epochs_trained,mu_increases,mu_adaptation_rate,mu_range_max
755626,1,2025-08-29T12:52:01.804060,0,0.8645503459006486,0.025600000000000008,0.03690000000000001,3,0.025600000000000008,1.40100399892692,0.0004995066821070679,0,3,0.39070319809818504,10,0,0.3,0.05
178375,1,2025-08-29T12:52:01.804126,0,1.1530833435526846,0.025600000000000008,0.03690000000000001,3,0.025600000000000008,1.6698635864374876,0.0004995066821070679,0,3,0.5336823069327397,10,0,0.3,0.05
579795,1,2025-08-29T12:52:01.804173,0,1.1602814478851924,0.025600000000000008,0.03690000000000001,3,0.025600000000000008,1.5963846872064555,0.0004995066821070679,0,3,0.6103904678040192,10,0,0.3,0.05
160027,1,2025-08-29T12:52:01.804217,0,1.2489702829449252,0.025600000000000008,0.03690000000000001,3,0.025600000000000008,1.7021924564629947,0.0004995066821070679,0,3,0.4787944262514738,10,0,0.3,0.05
694039,1,2025-08-29T12:52:01.804255,0,0.9220065753641906,0.025600000000000008,0.03690000000000001,3,0.025600000000000008,1.4570929322406205,0.0004995066821070679,0,3,0.4048525037154806,10,0,0.3,0.05
544731,1,2025-08-29T12:52:01.804296,0,1.2629679108836234,0.025600000000000008,0.03690000000000001,3,0.025600000000000008,1.7389965007348898,0.0004995066821070679,0,3,0.5597893548264744,10,0,0.3,0.05
123935,1,2025-08-29T12:52:01.804336,0,1.0985287811074937,0.025600000000000008,0.03690000000000001,3,0.025600000000000008,1.607713455600398,0.0004995066821070679,0,3,0.5205911212866005,10,0,0.3,0.05
1400,1,2025-08-29T12:52:01.804372,0,1.2009219315246327,0.025600000000000008,0.03690000000000001,3,0.025600000000000008,1.6144570047176257,0.0004995066821070679,0,3,0.5409921540709188,10,0,0.3,0.05
123935,2,2025-08-29T12:53:29.500670,0,0.46834501943417955,0.008388608000000004,0.024049507555555558,8,0.008388608000000004,0.5783796355128288,0.0004980286753286195,0,8,0.29687396355563617,10,0,0.4,0.05
1400,2,2025-08-29T12:53:29.500688,0,0.4941870634644792,0.008388608000000004,0.024049507555555558,8,0.008388608000000004,0.5859037831845577,0.0004980286753286195,0,8,0.29962278025257433,10,0,0.4,0.05
755626,2,2025-08-29T12:53:29.500694,0,0.4503148017207203,0.008388608000000004,0.024049507555555558,8,0.008388608000000004,0.5461471740768258,0.0004980286753286195,0,8,0.23566799261549168,10,0,0.4,0.05
160027,2,2025-08-29T12:53:29.500702,0,0.4770051458580892,0.008388608000000004,0.024049507555555558,8,0.008388608000000004,0.5954968172123466,0.0004980286753286195,0,8,0.30962051579305827,10,0,0.4,0.05
178375,2,2025-08-29T12:53:29.500708,0,0.5307159302619007,0.008388608000000004,0.024049507555555558,8,0.008388608000000004,0.5970132220152357,0.0004980286753286195,0,8,0.2974276944092565,10,0,0.4,0.05
951946,2,2025-08-29T12:53:29.500827,0,0.5396854809316924,0.025600000000000008,0.03690000000000001,3,0.025600000000000008,0.6309937644015027,0.0004980286753286195,0,3,0.2711050146074925,10,0,0.3,0.05
579795,2,2025-08-29T12:53:29.500838,0,0.4667257227908785,0.008388608000000004,0.024049507555555558,8,0.008388608000000004,0.5759809298771564,0.0004980286753286195,0,8,0.2951477213400085,10,0,0.4,0.05
305869,2,2025-08-29T12:53:29.500893,0,0.5249067553874454,0.025600000000000008,0.03690000000000001,3,0.025600000000000008,0.6461152344778415,0.0004980286753286195,0,3,0.30998852761719514,10,0,0.3,0.05
123935,3,2025-08-29T12:54:52.876813,0,0.3268061104629721,0.005368709120000003,0.02077501486545455,10,0.005368709120000003,0.3445163814617055,0.0004955718126821722,0,10,0.23493444830243032,10,0,0.3333333333333333,0.05
544731,3,2025-08-29T12:54:52.876832,0,0.3637677903871686,0.016384000000000006,0.030744000000000007,5,0.016384000000000006,0.3796208541931738,0.0004955718126821722,0,5,0.218380743454875,10,0,0.25,0.05
178375,3,2025-08-29T12:54:52.876839,0,0.3117055796245311,0.005368709120000003,0.02077501486545455,10,0.005368709120000003,0.3385999826065062,0.0004955718126821722,0,10,0.22126339578394413,10,0,0.3333333333333333,0.05
305869,3,2025-08-29T12:54:52.876845,0,0.34969076472934957,0.016384000000000006,0.030744000000000007,5,0.016384000000000006,0.3548326949287174,0.0004955718126821722,0,5,0.24007554308639908,10,0,0.25,0.05
579795,3,2025-08-29T12:54:52.876850,0,0.289399448886653,0.005368709120000003,0.02077501486545455,10,0.005368709120000003,0.3272916873342523,0.0004955718126821722,0,10,0.2069743674258892,10,0,0.3333333333333333,0.05
694039,3,2025-08-29T12:54:52.876856,0,0.36679659774201656,0.016384000000000006,0.030744000000000007,5,0.016384000000000006,0.37118806366701484,0.0004955718126821722,0,5,0.22614383963533083,10,0,0.25,0.05
951946,3,2025-08-29T12:54:52.876870,0,0.38978612049730715,0.016384000000000006,0.030744000000000007,5,0.016384000000000006,0.38524411674144726,0.0004955718126821722,0,5,0.18143200185741948,10,0,0.25,0.05
1400,3,2025-08-29T12:54:52.876875,0,0.30653280555430207,0.005368709120000003,0.02077501486545455,10,0.005368709120000003,0.3257874957791559,0.0004955718126821722,0,10,0.2181529251791917,10,0,0.3333333333333333,0.05
178375,4,2025-08-29T12:56:22.026831,0,0.2523282818776691,0.005368709120000003,0.02077501486545455,10,0.005368709120000003,0.26680314645732095,0.0004921457902821578,0,10,0.21073086054937734,10,0,0.25,0.05
123935,4,2025-08-29T12:56:22.026849,0,0.2745525525616748,0.005368709120000003,0.02077501486545455,10,0.005368709120000003,0.2785119744283812,0.0004921457902821578,0,10,0.22247055067622942,10,0,0.25,0.05
755626,4,2025-08-29T12:56:22.026856,0,0.31557745934152304,0.005368709120000003,0.02077501486545455,10,0.005368709120000003,0.29450071422139223,0.0004921457902821578,0,10,0.17495230371202167,10,0,0.3333333333333333,0.05
951946,4,2025-08-29T12:56:22.026871,0,0.3139786594571819,0.016384000000000006,0.030744000000000007,5,0.016384000000000006,0.3131676477821442,0.0004921457902821578,0,5,0.16255465463204605,10,0,0.16666666666666666,0.05
694039,4,2025-08-29T12:56:22.026877,0,0.3228498748172301,0.016384000000000006,0.030744000000000007,5,0.016384000000000006,0.30148656534616575,0.0004921457902821578,0,5,0.21201062106068352,10,0,0.16666666666666666,0.05
160027,4,2025-08-29T12:56:22.026882,0,0.2888107730197521,0.005368709120000003,0.02077501486545455,10,0.005368709120000003,0.2851073100276067,0.0004921457902821578,0,10,0.20647162146466694,10,0,0.3333333333333333,0.05
305869,4,2025-08-29T12:56:22.026887,0,0.3005367529708166,0.016384000000000006,0.030744000000000007,5,0.016384000000000006,0.28281850635735206,0.0004921457902821578,0,5,0.20833266292655817,10,0,0.16666666666666666,0.05
579795,4,2025-08-29T12:56:22.026893,0,0.2510270811269216,0.005368709120000003,0.02077501486545455,10,0.005368709120000003,0.26369115414324207,0.0004921457902821578,0,10,0.19026506882087857,10,0,0.25,0.05
755626,5,2025-08-29T12:57:47.168942,0,0.29165704477105964,0.005368709120000003,0.02077501486545455,10,0.005368709120000003,0.2679728540214332,0.0004877641290737884,0,10,0.16454118006210078,10,0,0.25,0.05
160027,5,2025-08-29T12:57:47.168961,0,0.23775756094142148,0.005368709120000003,0.02077501486545455,10,0.005368709120000003,0.24750012468647906,0.0004877641290737884,0,10,0.20019959409301724,10,0,0.25,0.05
305869,5,2025-08-29T12:57:47.168968,0,0.25895253227308046,0.016384000000000006,0.030744000000000007,5,0.016384000000000006,0.25016202365637097,0.0004877641290737884,0,5,0.18835612308530128,10,0,0.125,0.05
544731,5,2025-08-29T12:57:47.168975,0,0.2814120940341903,0.013107200000000006,0.02822445714285715,6,0.013107200000000006,0.26349459496181993,0.0004877641290737884,0,6,0.18583517547311454,10,0,0.2,0.05
951946,5,2025-08-29T12:57:47.168981,0,0.28680895822357544,0.016384000000000006,0.030744000000000007,5,0.016384000000000006,0.28058191464508425,0.0004877641290737884,0,5,0.16350449279205723,10,0,0.125,0.05
1400,5,2025-08-29T12:57:47.168986,0,0.24665394079249411,0.005368709120000003,0.02077501486545455,10,0.005368709120000003,0.2423792488140998,0.0004877641290737884,0,10,0.19136716774966275,10,0,0.25,0.05
579795,5,2025-08-29T12:57:47.168992,0,0.21678171056174786,0.005368709120000003,0.02077501486545455,10,0.005368709120000003,0.23148796258964272,0.0004877641290737884,0,10,0.17814360976386137,10,0,0.2,0.05
123935,5,2025-08-29T12:57:47.168997,0,0.26729230529495646,0.005368709120000003,0.02077501486545455,10,0.005368709120000003,0.25034336764365434,0.0004877641290737884,0,10,0.21754080778271023,10,0,0.2,0.05
694039,6,2025-08-29T12:59:01.396006,0,0.2725576164265962,0.016384000000000006,0.030744000000000007,5,0.016384000000000006,0.25594410116544514,0.00048244412147206283,0,5,0.20386729721958238,10,0,0.125,0.05
1400,6,2025-08-29T12:59:01.396024,0,0.21462758938637927,0.005368709120000003,0.02077501486545455,10,0.005368709120000003,0.21908433237719518,0.00024122206073603141,0,10,0.19437275651022395,10,0,0.2,0.05
544731,6,2025-08-29T12:59:01.396031,0,0.249168517607096,0.013107200000000006,0.02822445714285715,6,0.013107200000000006,0.23704382096580534,0.00024122206073603141,0,6,0.17887557892805703,10,0,0.15,0.05
951946,6,2025-08-29T12:59:01.396038,0,0.2597168763313373,0.016384000000000006,0.030744000000000007,5,0.016384000000000006,0.2564727668573341,0.00024122206073603141,0,5,0.15397717934876023,10,0,0.1,0.05
755626,6,2025-08-29T12:59:01.396044,0,0.26743556140861985,0.005368709120000003,0.02077501486545455,10,0.005368709120000003,0.2452522404244065,0.00048244412147206283,0,10,0.16084206100098064,10,0,0.2,0.05
579795,6,2025-08-29T12:59:01.396050,0,0.2045500096038123,0.005368709120000003,0.02077501486545455,10,0.005368709120000003,0.2090158327090963,0.00024122206073603141,0,10,0.17380473710575692,10,0,0.16666666666666666,0.05
160027,6,2025-08-29T12:59:01.396056,0,0.23359957310007742,0.005368709120000003,0.02077501486545455,10,0.005368709120000003,0.22511418531323776,0.00048244412147206283,0,10,0.1832512070990765,10,0,0.2,0.05
178375,6,2025-08-29T12:59:01.396061,0,0.21388907704971816,0.005368709120000003,0.02077501486545455,10,0.005368709120000003,0.21777658737744715,0.00048244412147206283,0,10,0.19438380566341787,10,0,0.2,0.05
694039,7,2025-08-29T13:00:33.009240,0,0.24904826684417578,0.016384000000000006,0.030744000000000007,5,0.016384000000000006,0.2390910722286396,0.00023810338155825245,0,5,0.19201703498773712,10,0,0.1,0.05
305869,7,2025-08-29T13:00:33.009258,0,0.21575237365694305,0.013107200000000006,0.02822445714285715,6,0.013107200000000006,0.20880824884232685,0.0004762067631165049,0,6,0.16117642227575868,10,0,0.12,0.05
579795,7,2025-08-29T13:00:33.009265,0,0.19700473150081724,0.005368709120000003,0.02077501486545455,10,0.005368709120000003,0.20020973128136074,0.00023810338155825245,0,10,0.170170629517037,10,0,0.14285714285714285,0.05
160027,7,2025-08-29T13:00:33.009271,0,0.228613235466976,0.005368709120000003,0.02077501486545455,10,0.005368709120000003,0.21386849673616806,0.0004762067631165049,0,10,0.1737224339978998,10,0,0.16666666666666666,0.05
951946,7,2025-08-29T13:00:33.009278,0,0.2665059022314758,0.016384000000000006,0.030744000000000007,5,0.016384000000000006,0.2488357373282643,0.0004762067631165049,0,5,0.15520350587688622,10,0,0.08333333333333333,0.05
1400,7,2025-08-29T13:00:33.009284,0,0.22248619211509948,0.005368709120000003,0.02077501486545455,10,0.005368709120000003,0.21350522622727114,0.0004762067631165049,0,10,0.1917208021184641,10,0,0.16666666666666666,0.05
123935,7,2025-08-29T13:00:33.009290,0,0.23887902471636022,0.005368709120000003,0.02077501486545455,10,0.005368709120000003,0.22678559576826438,0.0004762067631165049,0,10,0.21357306882707158,10,0,0.16666666666666666,0.05
755626,7,2025-08-29T13:00:33.009296,0,0.24339021931319127,0.005368709120000003,0.02077501486545455,10,0.005368709120000003,0.23086961892872987,0.0004762067631165049,0,10,0.1680512323399583,10,0,0.16666666666666666,0.05
951946,8,2025-08-29T13:02:00.979263,0,0.24393145459576196,0.016384000000000006,0.030744000000000007,5,0.016384000000000006,0.2340827535517615,0.0004690766700109659,0,5,0.15320441421931996,10,0,0.07142857142857142,0.05
579795,8,2025-08-29T13:02:00.979282,0,0.20365116257812374,0.005368709120000003,0.02077501486545455,10,0.005368709120000003,0.1914022219410845,0.0004690766700109659,0,10,0.18135987046886892,10,0,0.125,0.05
305869,8,2025-08-29T13:02:00.979289,0,0.19533783588540574,0.010485760000000005,0.026007120000000005,7,0.010485760000000005,0.1923908414862314,0.0004690766700109659,0,7,0.17545559646943623,10,0,0.11666666666666667,0.05
160027,8,2025-08-29T13:02:00.979295,0,0.1937137180330296,0.005368709120000003,0.02077501486545455,10,0.005368709120000003,0.19739595073098037,0.0004690766700109659,0,10,0.18233215968719219,10,0,0.14285714285714285,0.05
123935,8,2025-08-29T13:02:00.979301,0,0.21650696120091847,0.005368709120000003,0.02077501486545455,10,0.005368709120000003,0.2075888686414276,0.0004690766700109659,0,10,0.20702671790914312,10,0,0.14285714285714285,0.05
755626,8,2025-08-29T13:02:00.979306,0,0.23801841256896075,0.005368709120000003,0.02077501486545455,10,0.005368709120000003,0.21594013038581225,0.0004690766700109659,0,10,0.1536345763498931,10,0,0.14285714285714285,0.05
694039,8,2025-08-29T13:02:00.979312,0,0.2404499414628721,0.016384000000000006,0.030744000000000007,5,0.016384000000000006,0.22931440568024253,0.00023453833500548295,0,5,0.1907282252476718,10,0,0.08333333333333333,0.05
544731,8,2025-08-29T13:02:00.979317,0,0.22779621795666527,0.013107200000000006,0.02822445714285715,6,0.013107200000000006,0.22157429237953993,0.0004690766700109659,0,6,0.16804802089692428,10,0,0.12,0.05
694039,9,2025-08-29T13:03:29.686072,0,0.22353349853533513,0.016384000000000006,0.030744000000000007,5,0.016384000000000006,0.21528830882957034,0.00046108198137550377,0,5,0.19693714792793196,10,0,0.07142857142857142,0.05
951946,9,2025-08-29T13:03:29.686090,0,0.2204625359575221,0.016384000000000006,0.030744000000000007,5,0.016384000000000006,0.22100393618047565,0.00023054099068775188,0,5,0.15069188758694455,10,0,0.0625,0.05
160027,9,2025-08-29T13:03:29.686098,0,0.18799431709617836,0.005368709120000003,0.02077501486545455,10,0.005368709120000003,0.188652784231719,0.00023054099068775188,0,10,0.1703349868660898,10,0,0.125,0.05
579795,9,2025-08-29T13:03:29.686104,0,0.17922348306279315,0.005368709120000003,0.02077501486545455,10,0.005368709120000003,0.18095394472513243,0.00046108198137550377,0,10,0.17028007090759545,10,0,0.1111111111111111,0.05
178375,9,2025-08-29T13:03:29.686111,0,0.18418062330755586,0.005368709120000003,0.02077501486545455,10,0.005368709120000003,0.17760151392626294,0.00046108198137550377,0,10,0.18684231427706985,10,0,0.16666666666666666,0.05
305869,9,2025-08-29T13:03:29.686117,0,0.18630678792349412,0.008388608000000004,0.024049507555555558,8,0.008388608000000004,0.17618311576102919,0.00046108198137550377,0,8,0.1563016036564336,10,0,0.11428571428571428,0.05
755626,9,2025-08-29T13:03:29.686123,0,0.21140594315751923,0.005368709120000003,0.02077501486545455,10,0.005368709120000003,0.20179487671122234,0.00046108198137550377,0,10,0.16578260186753072,10,0,0.125,0.05
1400,9,2025-08-29T13:03:29.686128,0,0.20437513854743322,0.005368709120000003,0.02077501486545455,10,0.005368709120000003,0.19806032777513516,0.00046108198137550377,0,10,0.1890136968608313,10,0,0.14285714285714285,0.05
755626,10,2025-08-29T13:05:00.178325,0,0.20928105016446163,0.005368709120000003,0.02077501486545455,10,0.005368709120000003,0.19743168901597882,0.0004522542485937369,0,10,0.15881034568825417,10,0,0.1111111111111111,0.05
160027,10,2025-08-29T13:05:00.178344,0,0.1715280439247549,0.005368709120000003,0.02077501486545455,10,0.005368709120000003,0.17889916697937194,0.00022612712429686844,0,10,0.19310436403812686,10,0,0.1111111111111111,0.05
123935,10,2025-08-29T13:05:00.178352,0,0.18844419265432016,0.005368709120000003,0.02077501486545455,10,0.005368709120000003,0.1895459463420723,0.00022612712429686844,0,10,0.19672784997385626,10,0,0.125,0.05
305869,10,2025-08-29T13:05:00.178358,0,0.1642647240885403,0.006710886400000004,0.022315645440000004,9,0.006710886400000004,0.16329192639205212,0.0004522542485937369,0,9,0.14571217584684804,10,0,0.1125,0.05
579795,10,2025-08-29T13:05:00.178364,0,0.1822902828315708,0.005368709120000003,0.02077501486545455,10,0.005368709120000003,0.17334070605721985,0.0004522542485937369,0,10,0.16731481638108314,10,0,0.1,0.05
544731,10,2025-08-29T13:05:00.178371,0,0.21217232628282973,0.013107200000000006,0.02822445714285715,6,0.013107200000000006,0.19868052555657897,0.00022612712429686844,0,6,0.17311333420263994,10,0,0.1,0.05
694039,10,2025-08-29T13:05:00.178378,0,0.2036502979898206,0.016384000000000006,0.030744000000000007,5,0.016384000000000006,0.20733396022413095,0.00022612712429686844,0,5,0.1902591050789242,10,0,0.0625,0.05
951946,10,2025-08-29T13:05:00.178383,0,0.22325148335496853,0.016384000000000006,0.030744000000000007,5,0.016384000000000006,0.21462434133774672,0.0004522542485937369,0,5,0.1565016827985535,10,0,0.05555555555555555,0.05
178375,11,2025-08-29T13:06:28.524851,0,0.15659148325311376,0.005368709120000003,0.02077501486545455,10,0.005368709120000003,0.16610946843184152,0.00022131415534697366,0,10,0.1885795431812149,10,0,0.14285714285714285,0.05
544731,11,2025-08-29T13:06:28.524877,0,0.18669422543763112,0.013107200000000006,0.02822445714285715,6,0.013107200000000006,0.18950235800533044,0.0004426283106939473,0,6,0.16988765094577477,10,0,0.08571428571428572,0.05
160027,11,2025-08-29T13:06:28.524885,0,0.17430105951014552,0.005368709120000003,0.02077501486545455,10,0.005368709120000003,0.17661412440070678,0.00022131415534697366,0,10,0.16660091372906155,10,0,0.1,0.05
579795,11,2025-08-29T13:06:28.524891,0,0.1552920207102722,0.005368709120000003,0.02077501486545455,10,0.005368709120000003,0.1603464711248596,0.00022131415534697366,0,10,0.16121279377312886,10,0,0.09090909090909091,0.05
1400,11,2025-08-29T13:06:28.524896,0,0.16773693066059137,0.005368709120000003,0.02077501486545455,10,0.005368709120000003,0.17978387308808474,0.00022131415534697366,0,10,0.1875655831200243,10,0,0.125,0.05
755626,11,2025-08-29T13:06:28.524902,0,0.19575314322900872,0.005368709120000003,0.02077501486545455,10,0.005368709120000003,0.18912521449697983,0.0004426283106939473,0,10,0.15675585078275264,10,0,0.1,0.05
694039,11,2025-08-29T13:06:28.524908,0,0.20340065557851827,0.016384000000000006,0.030744000000000007,5,0.016384000000000006,0.20140931569088014,0.0004426283106939473,0,5,0.19770684456609353,10,0,0.05555555555555555,0.05
305869,11,2025-08-29T13:06:28.524913,0,0.15798820243832873,0.006710886400000004,0.022315645440000004,9,0.006710886400000004,0.15091478786190202,0.0004426283106939473,0,9,0.14503677273519866,10,0,0.1,0.05
694039,12,2025-08-29T13:07:58.537100,0,0.18954694433014882,0.016384000000000006,0.030744000000000007,5,0.016384000000000006,0.1918380639647142,0.00021612107842767644,0,5,0.19535624045989491,10,0,0.05,0.05
1400,12,2025-08-29T13:07:58.537118,0,0.17111582436683245,0.005368709120000003,0.02077501486545455,10,0.005368709120000003,0.17513365227635452,0.00021612107842767644,0,10,0.18714792991265575,10,0,0.1111111111111111,0.05
755626,12,2025-08-29T13:07:58.537126,0,0.18223602208550904,0.005368709120000003,0.02077501486545455,10,0.005368709120000003,0.17838057749856287,0.00043224215685535287,0,10,0.15625269868483121,10,0,0.09090909090909091,0.05
123935,12,2025-08-29T13:07:58.537131,0,0.16795536104057515,0.005368709120000003,0.02077501486545455,10,0.005368709120000003,0.18178147395540561,0.00021612107842767644,0,10,0.20032881599166918,10,0,0.1111111111111111,0.05
579795,12,2025-08-29T13:07:58.537137,0,0.1641091425145898,0.005368709120000003,0.02077501486545455,10,0.005368709120000003,0.163327501644598,0.00043224215685535287,0,10,0.173937035082769,10,0,0.08333333333333333,0.05
544731,12,2025-08-29T13:07:58.537144,0,0.17153949220175768,0.013107200000000006,0.02822445714285715,6,0.013107200000000006,0.1868375153293355,0.00021612107842767644,0,6,0.17020284916108736,10,0,0.075,0.05
160027,12,2025-08-29T13:07:58.537150,0,0.16760639938841315,0.005368709120000003,0.02077501486545455,10,0.005368709120000003,0.1690580935361826,0.00043224215685535287,0,10,0.17303041947360953,10,0,0.09090909090909091,0.05
305869,12,2025-08-29T13:07:58.537155,0,0.14693091109962703,0.006710886400000004,0.022315645440000004,9,0.006710886400000004,0.14125646911902484,0.00043224215685535287,0,9,0.16371312706290927,10,0,0.09,0.05
305869,13,2025-08-29T13:09:23.010809,0,0.1395710410272407,0.006710886400000004,0.022315645440000004,9,0.006710886400000004,0.13033404902186205,0.0004211367764821722,0,9,0.16593833841289934,10,0,0.08181818181818182,0.05
1400,13,2025-08-29T13:09:23.010831,0,0.15626847931813032,0.005368709120000003,0.02077501486545455,10,0.005368709120000003,0.17040684725876445,0.0002105683882410861,0,10,0.19394333831971597,10,0,0.1,0.05
160027,13,2025-08-29T13:09:23.010840,0,0.1571912363357705,0.005368709120000003,0.02077501486545455,10,0.005368709120000003,0.1674533593975429,0.0002105683882410861,0,10,0.17734663274952106,10,0,0.08333333333333333,0.05
755626,13,2025-08-29T13:09:23.010848,0,0.18598320358384424,0.005368709120000003,0.02077501486545455,10,0.005368709120000003,0.17649013695003088,0.0004211367764821722,0,10,0.15196358373950694,10,0,0.08333333333333333,0.05
544731,13,2025-08-29T13:09:23.010855,0,0.1718508972745803,0.013107200000000006,0.02822445714285715,6,0.013107200000000006,0.1808151266675771,0.0002105683882410861,0,6,0.1697874492138071,10,0,0.06666666666666667,0.05
579795,13,2025-08-29T13:09:23.010870,0,0.16634461576136472,0.005368709120000003,0.02077501486545455,10,0.005368709120000003,0.15696746148865356,0.0004211367764821722,0,10,0.17382981638614536,10,0,0.07692307692307693,0.05
178375,13,2025-08-29T13:09:23.010878,0,0.15182176880453105,0.005368709120000003,0.02077501486545455,10,0.005368709120000003,0.15523272388951576,0.0002105683882410861,0,10,0.1852094041101281,10,0,0.125,0.05
694039,13,2025-08-29T13:09:23.010885,0,0.19605459035753742,0.016384000000000006,0.030744000000000007,5,0.016384000000000006,0.1917982896406777,0.0002105683882410861,0,5,0.18998058281000343,10,0,0.045454545454545456,0.05
951946,14,2025-08-29T13:10:52.556930,0,0.19538367522969957,0.016384000000000006,0.030744000000000007,5,0.016384000000000006,0.19463139179922248,0.00040935599743717243,0,5,0.15578381972237146,10,0,0.05,0.05
123935,14,2025-08-29T13:10:52.556949,0,0.16326502032045806,0.005368709120000003,0.02077501486545455,10,0.005368709120000003,0.1762852890816118,0.00020467799871858622,0,10,0.20625896783788913,10,0,0.1,0.05
755626,14,2025-08-29T13:10:52.556956,0,0.16110688878567947,0.005368709120000003,0.02077501486545455,10,0.005368709120000003,0.1643179238361467,0.00020467799871858622,0,10,0.16694403309932448,10,0,0.07692307692307693,0.05
694039,14,2025-08-29T13:10:52.556962,0,0.18997262672727197,0.016384000000000006,0.030744000000000007,5,0.016384000000000006,0.18380291779630398,0.00020467799871858622,0,5,0.19805899615198336,10,0,0.041666666666666664,0.05
305869,14,2025-08-29T13:10:52.556968,0,0.11817233213914032,0.006710886400000004,0.022315645440000004,9,0.006710886400000004,0.1211577999385022,0.00020467799871858622,0,9,0.15892206297634037,10,0,0.075,0.05
579795,14,2025-08-29T13:10:52.556976,0,0.13564101958246988,0.005368709120000003,0.02077501486545455,10,0.005368709120000003,0.15149020906015534,0.00020467799871858622,0,10,0.1623716471659369,10,0,0.07142857142857142,0.05
178375,14,2025-08-29T13:10:52.556982,0,0.13443579538168962,0.005368709120000003,0.02077501486545455,10,0.005368709120000003,0.1495409450870245,0.00040935599743717243,0,10,0.18529690480173708,10,0,0.1111111111111111,0.05
1400,14,2025-08-29T13:10:52.556987,0,0.1538629451793564,0.005368709120000003,0.02077501486545455,10,0.005368709120000003,0.167292975532196,0.00020467799871858622,0,10,0.19395253454921632,10,0,0.09090909090909091,0.05
178375,15,2025-08-29T13:12:19.667661,0,0.13921340298267315,0.005368709120000003,0.02077501486545455,10,0.005368709120000003,0.143456448051231,0.00019847315653655917,0,10,0.1834772547703913,10,0,0.1,0.05
1400,15,2025-08-29T13:12:19.667680,0,0.15204257226952686,0.005368709120000003,0.02077501486545455,10,0.005368709120000003,0.16766909780172293,0.00019847315653655917,0,10,0.19237919188099606,10,0,0.08333333333333333,0.05
544731,15,2025-08-29T13:12:19.667687,0,0.15772619523913517,0.013107200000000006,0.02822445714285715,6,0.013107200000000006,0.17752724552369345,0.00019847315653655917,0,6,0.16330474931302058,10,0,0.06,0.05
160027,15,2025-08-29T13:12:19.667694,0,0.14760033475901604,0.005368709120000003,0.02077501486545455,10,0.005368709120000003,0.15683993791051423,0.00019847315653655917,0,10,0.1731579521401326,10,0,0.07692307692307693,0.05
755626,15,2025-08-29T13:12:19.667700,0,0.16452458301044057,0.005368709120000003,0.02077501486545455,10,0.005368709120000003,0.16116075137564273,0.00039694631307311834,0,10,0.1548935542198971,10,0,0.07142857142857142,0.05
305869,15,2025-08-29T13:12:19.667706,0,0.12376409429751864,0.006710886400000004,0.022315645440000004,9,0.006710886400000004,0.11714656857552665,0.00039694631307311834,0,9,0.15931626331357276,10,0,0.06923076923076923,0.05
123935,15,2025-08-29T13:12:19.667711,0,0.16261731992874826,0.005368709120000003,0.02077501486545455,10,0.005368709120000003,0.17126530943704502,0.00019847315653655917,0,10,0.20176491983697553,10,0,0.09090909090909091,0.05
694039,15,2025-08-29T13:12:19.667716,0,0.18466426232615232,0.016384000000000006,0.030744000000000007,5,0.016384000000000006,0.1821706307755559,0.00019847315653655917,0,5,0.18964234991107537,10,0,0.038461538461538464,0.05
544731,16,2025-08-29T13:13:49.562991,0,0.15846344558454156,0.013107200000000006,0.02822445714285715,6,0.013107200000000006,0.17188018602653662,0.00038395669874474915,0,6,0.18491699935902967,10,0,0.05454545454545454,0.05
160027,16,2025-08-29T13:13:49.563010,0,0.14329370129839802,0.005368709120000003,0.02077501486545455,10,0.005368709120000003,0.15677103607926976,0.00019197834937237457,0,10,0.17690106457774032,10,0,0.07142857142857142,0.05
305869,16,2025-08-29T13:13:49.563018,0,0.11218045422374272,0.006710886400000004,0.022315645440000004,9,0.006710886400000004,0.11244986789310293,0.00038395669874474915,0,9,0.1591425116590875,10,0,0.06428571428571428,0.05
755626,16,2025-08-29T13:13:49.563024,0,0.14853997023586424,0.005368709120000003,0.02077501486545455,10,0.005368709120000003,0.15346236421480744,0.00019197834937237457,0,10,0.15991960719060572,10,0,0.06666666666666667,0.05
694039,16,2025-08-29T13:13:49.563030,0,0.17389120040087927,0.016384000000000006,0.030744000000000007,5,0.016384000000000006,0.17476308351770564,0.00019197834937237457,0,5,0.19708830056492754,10,0,0.03571428571428571,0.05
579795,16,2025-08-29T13:13:49.563036,0,0.11994297151392866,0.005368709120000003,0.02077501486545455,10,0.005368709120000003,0.1448372088059365,0.00019197834937237457,0,10,0.16936564316101768,10,0,0.06666666666666667,0.05
951946,16,2025-08-29T13:13:49.563043,0,0.18297974302612133,0.016384000000000006,0.030744000000000007,5,0.016384000000000006,0.1863377159132677,0.00019197834937237457,0,5,0.15358112783405775,10,0,0.045454545454545456,0.05
1400,16,2025-08-29T13:13:49.563049,0,0.14381746329247996,0.005368709120000003,0.02077501486545455,10,0.005368709120000003,0.15911574687210095,0.00038395669874474915,0,10,0.1893669976955684,10,0,0.07692307692307693,0.05
579795,17,2025-08-29T13:15:20.694901,0,0.14997894438766987,0.005368709120000003,0.02077501486545455,10,0.005368709120000003,0.14643444966211497,0.0003704384185254288,0,10,0.1707704813957882,10,0,0.0625,0.05
755626,17,2025-08-29T13:15:20.694920,0,0.14503139392192052,0.005368709120000003,0.02077501486545455,10,0.005368709120000003,0.15497086361639217,0.0003704384185254288,0,10,0.15881335696303042,10,0,0.0625,0.05
1400,17,2025-08-29T13:15:20.694927,0,0.1400630571237522,0.005368709120000003,0.02077501486545455,10,0.005368709120000003,0.15988509434488832,0.0001852192092627144,0,10,0.19091942325313857,10,0,0.07142857142857142,0.05
160027,17,2025-08-29T13:15:20.694933,0,0.1451566970957105,0.005368709120000003,0.02077501486545455,10,0.005368709120000003,0.1525048755744334,0.0001852192092627144,0,10,0.1694348461044614,10,0,0.06666666666666667,0.05
305869,17,2025-08-29T13:15:20.694938,0,0.10293521924672946,0.006710886400000004,0.022315645440000004,9,0.006710886400000004,0.10395049195138768,0.0001852192092627144,0,9,0.14654787851177997,10,0,0.06,0.05
694039,17,2025-08-29T13:15:20.694944,0,0.1675079759369384,0.016384000000000006,0.030744000000000007,5,0.016384000000000006,0.1739717823490597,0.0001852192092627144,0,5,0.1872370997576325,10,0,0.03333333333333333,0.05
544731,17,2025-08-29T13:15:20.694950,0,0.1511200268069464,0.013107200000000006,0.02822445714285715,6,0.013107200000000006,0.16974447463337836,0.0003704384185254288,0,6,0.16910463907516288,10,0,0.05,0.05
951946,17,2025-08-29T13:15:20.694956,0,0.18494068248881038,0.016384000000000006,0.030744000000000007,5,0.016384000000000006,0.18548034846525735,0.0001852192092627144,0,5,0.16022058552663893,10,0,0.041666666666666664,0.05
123935,18,2025-08-29T13:16:46.016495,0,0.14973640694682086,0.005368709120000003,0.02077501486545455,10,0.005368709120000003,0.16276540641805956,0.0003564448228912682,0,10,0.20954539823072627,10,0,0.08333333333333333,0.05
160027,18,2025-08-29T13:16:46.016513,0,0.14540905318743688,0.005368709120000003,0.02077501486545455,10,0.005368709120000003,0.15132257095226725,0.0001782224114456341,0,10,0.16825112850459334,10,0,0.0625,0.05
951946,18,2025-08-29T13:16:46.016520,0,0.1732033758287662,0.016384000000000006,0.030744000000000007,5,0.016384000000000006,0.17792143823948658,0.0001782224114456341,0,5,0.1516592469804153,10,0,0.038461538461538464,0.05
694039,18,2025-08-29T13:16:46.016527,0,0.17141773543991679,0.016384000000000006,0.030744000000000007,5,0.016384000000000006,0.17244042806317705,0.0001782224114456341,0,5,0.1950320597415137,10,0,0.03125,0.05
178375,18,2025-08-29T13:16:46.016533,0,0.12540861083203758,0.005368709120000003,0.02077501486545455,10,0.005368709120000003,0.13762429230488263,0.0003564448228912682,0,10,0.19845815156563604,10,0,0.09090909090909091,0.05
579795,18,2025-08-29T13:16:46.016539,0,0.15299619695989886,0.005368709120000003,0.02077501486545455,10,0.005368709120000003,0.14659806212114396,0.0003564448228912682,0,10,0.18287385380318186,10,0,0.058823529411764705,0.05
305869,18,2025-08-29T13:16:46.016544,0,0.09943880580437754,0.006710886400000004,0.022315645440000004,9,0.006710886400000004,0.09932095153713047,0.0001782224114456341,0,9,0.14757264854394242,10,0,0.05625,0.05
544731,18,2025-08-29T13:16:46.016550,0,0.1515199013800582,0.013107200000000006,0.02822445714285715,6,0.013107200000000006,0.1631237717576386,0.0001782224114456341,0,6,0.16372311451232718,10,0,0.046153846153846156,0.05
123935,19,2025-08-29T13:18:08.708694,0,0.16688815850232327,0.005368709120000003,0.02077501486545455,10,0.005368709120000003,0.16276037017149583,0.00017101556908558478,0,10,0.20331231761540283,10,0,0.07692307692307693,0.05
694039,19,2025-08-29T13:18:08.708712,0,0.16228973451052414,0.016384000000000006,0.030744000000000007,5,0.016384000000000006,0.17209348603022823,0.00017101556908558478,0,5,0.200145928721687,10,0,0.029411764705882353,0.05
544731,19,2025-08-29T13:18:08.708719,0,0.14960065762105307,0.013107200000000006,0.02822445714285715,6,0.013107200000000006,0.16230419295539958,0.00034203113817116957,0,6,0.17802352005670177,10,0,0.04285714285714286,0.05
579795,19,2025-08-29T13:18:08.708725,0,0.11961504702116842,0.005368709120000003,0.02077501486545455,10,0.005368709120000003,0.13667347146041484,0.00017101556908558478,0,10,0.16924312220317642,10,0,0.05555555555555555,0.05
1400,19,2025-08-29T13:18:08.708732,0,0.13615261389954073,0.005368709120000003,0.02077501486545455,10,0.005368709120000003,0.15470803282241374,0.00017101556908558478,0,10,0.1910233066132844,10,0,0.06666666666666667,0.05
160027,19,2025-08-29T13:18:08.708739,0,0.13061064074444123,0.005368709120000003,0.02077501486545455,10,0.005368709120000003,0.14956572810235835,0.00017101556908558478,0,10,0.16488351513584426,10,0,0.058823529411764705,0.05
178375,19,2025-08-29T13:18:08.708745,0,0.11444410887194734,0.005368709120000003,0.02077501486545455,10,0.005368709120000003,0.13349011480296108,0.00017101556908558478,0,10,0.19075560277105352,10,0,0.08333333333333333,0.05
305869,19,2025-08-29T13:18:08.708750,0,0.10465546492651194,0.006710886400000004,0.022315645440000004,9,0.006710886400000004,0.10214417611025764,0.00034203113817116957,0,9,0.1496657817059481,10,0,0.052941176470588235,0.05
